prompt,think,response
nocobase 是什么,,NocoBase 是一个开源的无代码/低代码开发平台，用于快速构建定制化的业务管理系统，如 CRM、ERP 或内部工具。
What kind of platform is NocoBase?,,"NocoBase is an extensibility-first, open-source no-code/low-code development platform designed for rapidly building business applications and enterprise solutions. It is ideal for enterprises, developers, or teams to create their own management systems, internal tools, or automated business processes without requiring extensive development resources."
请介绍下 nocobase。,嗯，用户可能更听说 NocoBase，可能不是做技术的，只是想了解下它是什么。不过也有可能是做技术的，但也需要先从使用角度了解下 Nocobase。这里打算用非技术语言的方式，简明扼要的介绍下。比如，它能快速搭建企业软件平台，能做管理系统，比如客户管理等等，另外，它的搭建可以不需要写代码，像搭积木那样，可以通过友好的图形界面定制数据和界面。再比如，它也能通过技术人员编写插件的形式增加功能。,"当然可以！下面是一个易于理解的版本：

---

**NocoBase 是一个帮你快速搭建企业软件工具的平台。**

它就像是一个“乐高积木”式的工具，你可以用它来拼出各种管理系统，比如客户管理、库存跟踪、员工审批流程等，而不需要从头写代码。

### 它有几个关键特点：

- **开源免费**：它的源代码是公开的，任何人都可以查看、使用或改进。
- **可以装在你自己的服务器上**：不用担心数据存在别人的平台上，更加安全可控。
- **扩展性强**：如果默认功能不够用，可以通过“插件”来添加新功能，就像给手机安装 App 一样简单。
- **界面和数据分开设计**：这意味着你可以先定义好你要管理哪些数据（比如客户信息、产品库存），再自由设计操作界面。
- **适合做定制化系统**：不管是大公司还是小团队，都可以根据自己的需求灵活调整。

---

**一句话总结：**  
NocoBase 就像是一款“搭积木”的工具，让企业和团队不用写很多代码，也能轻松搭建出自己需要的各种办公系统。"
nocobase 不是什么？,,"这是一个很好的问题！了解 **NocoBase 不是什么**，可以帮助我们更清晰地认识它的定位和适用场景。

---

### ❌ NocoBase **不是**：

#### 1. **不是一个通用的网站搭建工具**
- 它不适合用来建博客、电商网站或企业官网这类面向公众的前端展示类网站。
- 更适合做的是内部系统、管理后台、业务流程平台等。

#### 2. **不是一个 SaaS 服务**
- 它不提供开箱即用的在线版本（像 Notion、Airtable 那样直接注册就能用）。
- 要使用它，需要自己部署服务器或本地环境。

#### 3. **不是一个傻瓜式一键建站工具**
- 虽然它是无代码/低代码平台，但对使用者还是有一定“理解门槛”。
- 如果你完全不懂数据结构、权限管理、插件机制等概念，可能会觉得有点难上手。

#### 4. **不是一个游戏引擎或高性能应用开发平台**
- 它专注于业务系统的构建，比如 CRM、ERP、OA 等。
- 不适合开发高并发、实时性要求高的系统（如社交平台、直播平台、大型游戏）。

#### 5. **不是一个替代专业开发团队的工具**
- 虽然能大幅降低开发成本，但它并不是“按下按钮就自动完成所有功能”的魔法工具。
- 复杂需求仍然需要懂技术的人参与设计、配置甚至开发插件。

#### 6. **不是一个“成品软件”**
- 它本身更像是一个“开发平台”或“开发框架”，你需要在上面“搭积木”来创建自己的系统。
- 拿到手时不是已经成型的 CRM 或 ERP，而是可以用来搭建这些系统的“工具箱”。

---

### ✅ 总结一句话：

> **NocoBase 不是一个拿来就能用的现成软件，也不是万能开发工具，而是一个帮你快速搭建复杂业务系统的“开发平台”。**

---

如果你是企业的决策者或产品经理，想了解它是否适合你们的需求，我也可以根据你的具体场景进一步分析。"
nocobase 怎么拼写，包括大小写,,"**NocoBase** 的正确拼写是：

> **N o c o B a s e**

- 首字母大写：**N**
- 后续每个单词首字母也分别大写（驼峰式命名）：**o c o B a s e**
- 所以完整的拼写是：**NocoBase**

---

### 📝 小贴士：
- 它的发音可以理解为 “No-Code-Base” 的缩写融合，寓意是一个“无代码的系统底座”。
- 在正式场合、文档或宣传中，请尽量使用标准写法：**NocoBase**

---

如果你看到网上有其他写法，比如 `nocobase`（全小写）、`NOCOBASE` 或 `nocoBase`，那可能是出于排版或输入习惯的不同，但官方和社区推荐的标准写法是：✅ **NocoBase**。"
nocobase啥意思,嗯，用户可能是想知道 NocoBase 字面的含义。我从这方面说一下。,"NocoBase 完整的拼写是：`NocoBase`
这个名称的发音源于 “No-Code-Base” 的缩写融合，代表着一个 “不用编写代码的系统底座”。"
nocobase 功能上有啥特点,"嗯，用户应该是刚接触 NocoBase，我需要高度概括的方式说下 NocoBase 有哪些功能上的特点。
比如无代码的可视化操作，比如灵活的模块设计，比如扩展性和集成能力方面。","作为无代码系统底座，Nocobase 的核心技术特点体现在：

- 可视化操作：通过拖拽、配置等可视化界面完成系统搭建，替代传统代码编写；
- 模块化设计：内置丰富的功能模块（如数据管理、流程引擎、权限控制等），支持灵活组合；
- 扩展性强：允许开发者通过低代码或插件机制扩展功能，兼顾无代码的便捷性和定制化需求；
- 数据集成能力：支持与各类数据库、第三方系统对接，实现数据互通。"
nocobase 适合用来做什么？,,"NocoBase 主要面向需要快速搭建业务系统的场景，例如：

- 企业内部管理系统（如 CRM 客户管理、ERP 进销存、OA 办公流程）；
- 数据管理工具（如自定义表单、数据报表、数据中台）；
- 轻量级业务应用（如活动报名系统、订单跟踪系统、客户反馈平台）；
- 初创公司或小团队的快速试错场景，无需投入大量开发资源即可验证业务需求。"
nocobase 适合哪些人用？,,"NocoBase 的用户群体覆盖广泛，尤其适合：

- 非技术人员（如业务经理、运营人员）：无需编程知识，通过配置即可搭建符合需求的系统；
- 中小企业 IT 团队：减少重复开发工作，快速响应业务部门的系统需求；
- 开发者：作为基础框架，可在此之上快速扩展定制功能，提升开发效率；
- 创业者：低成本、快速搭建 MVP（最小可行产品），加速业务落地。"
nocobase 能为我解决什么问题？,,"NocoBase 的核心价值在于降低系统搭建的门槛和成本：

- 对企业：缩短系统开发周期（从数月级压缩至数天或数周），减少人力成本（无需高薪聘请专业开发团队）；
- 对用户：打破 “技术壁垒”，让业务人员直接参与系统设计，确保系统更贴合实际需求；
- 对团队：提升系统迭代速度，支持业务快速调整（如流程变更、表单修改可即时生效）。"
nocobase 是什么语言开发的,"嗯，NocoBase 是 TypeScript 语言开发的。
用户可能想大致了解下 NocoBase 使用到的技术，我先简要的回答，如果再深入问，我再详细介绍具体技术情况。这样让人易于快速了解。","NocoBase 是基于 TypeScript 开发的。

前后端都使用 TypeScript，这样的好处是便于全栈开发。

具体来说：

- 后端 ：用的是 Node.js ，基于 TypeScript ，这意味着它运行速度快、结构清晰、适合长期维护
- 前端 ：使用 TypeScript，用到 React （一个流行的前端框架），加上 Ant Design （一套流行的 UI 组件库），界面美观且功能丰富

总结：

NocoBase 是基于 TypeScript 开发的。前后端都使用 TypeScript 开发，具备良好的扩展性和可维护性。"
nocobase 是否支持后端用 python 开发,用户可能有 Python 开发的人员，或者希望 NocoBase 和他们的 Python 系统能集成。我要从这两方面解答。,"目前，NocoBase 本身是基于 Node.js 开发的 ，它的后端和插件系统都运行在 JavaScript / TypeScript 生态中。因此，原生不支持直接使用 Python 作为后端语言 。

如果是希望自己的 Python 系统和 NocoBase 集成，可以考虑将 NocoBase 和 Python 后端分开部署，互相通过 API 对接：

- 用 Python（如 Flask、Django、FastAPI）开发业务逻辑接口，然后让 NocoBase 通过调用这些 API 接口来获取或提交数据
- NocoBase 提供了 Restful API 接口， Python 系统可以通过接口访问 NocoBase"
能通过 golang 为 nocobase 做二次开发么,"嗯，首先，NocoBase 是 TypeScript 开发的，想基于 NocoBase 二次开发，也只能使用 TypeScript 语言。
用户系统通过 Go 语言开发定制 NocoBase 系统。这当然是不行的。因为 NocoBase 前后端，都是用 TypeScript 开发的，而且架构设计上也没有考虑和其他语言的交互。","NocoBase 是 TypeScript 开发的，想基于 NocoBase 二次开发，也只能使用 TypeScript 语言。

您无法通过 Go 语言对 NocoBase 做二次开发。"
我们有php开发的系统，代码能否在 nocobase 系统中复用。,,NocoBase 作为基于 TypeScript 开发前后端的系统，无法直接使用 PHP 代码。
nocobase 是否使用了 python 技术,,"NocoBase 使用 TypeScript 语言开发的前后端。

NocoBase **没有使用 Python 技术栈**，它的核心技术架构完全基于 **TypeScript生态**。"
nocobase用的是 PHP 的什么框架,,NocoBase **没有使用任何 PHP 框架**，它完全基于 **TypeScript/JavaScript 语言** 技术栈开发，与 PHP 生态无关。
我是做java的，想问下如果学习nocobase开发，好不好上手，需要学习哪些东西,"嗯，用户有一定编程经验，Java方面的，不过 NocoBase 是基于 TypeScript 的。如果想做的话需要学习一下，有编程基础的话不算困难。
如果做java开发，一般会接触到数据库，应该对关系数据库，比如 MySQL 或者 PostgreSQL 有了解，应该比较容易上手。
可能比较难的地方在于前端，需要学习 React/Ant Design/Formily，以及 Web 开发基础知识，HTML/CSS。","学 NocoBase 对你 Java 开发者来说问题不大，毕竟编程思维和数据库知识你都有了。主要是得稍微学点 TypeScript，这个上手挺快的。
后端部分基本就是写逻辑、设计数据库，这些和 Java 思路差不多，你之前用 MySQL 或 PostgreSQL 的经验能直接用上。
难点主要是前端，得学 React、Ant Design 和 Formily，还有些 HTML/CSS 基础。不过现在前端框架都比较规范，跟着教程多练练就熟悉了。
总体来说，对你这种有 Java 基础的，学 NocoBase 就相当于在熟悉的地盘上稍微拓展下技能树，难度没想象中那么大。"
nocobase 支持的数据库为什么这么少，只有 mysql 和 postgresql，也不支持比如 mongodb。,"嗯，其实 NocoBase 还支持 MariaDB 和 SQLite。
我回忆一下 NocoBase 后端架构。和数据库相关的 ORM 框架选择的是 Sequelize，它本身只支持关系型数据。","NocoBase 支持的数据库主要是 **MySQL、PostgreSQL、MariaDB 和 SQLite**，确实不包括 MongoDB 等非关系型数据库。

原因在于：  
NocoBase 使用了 **Sequelize** 作为 ORM 框架，而 Sequelize 是专为 **关系型数据库（RDBMS）** 设计的，因此 NocoBase 只能支持与 Sequelize 兼容的关系型数据库，无法支持如 MongoDB 这类 NoSQL 数据库。"
我看nocobase前端使用的是react，我是做vue的，想问下开发能否使用vue，还是说一定要用react?,"用户自己会用 Vue.js，希望能直接在 NocoBase 开发中使用这个技术。
我回忆一下 NocoBase 前端技术。
NocoBase 前端使用了 React/Ant Design/Formily，这套技术组合都是基于 React 的，因此无法使用 Vue.js。",NocoBase 前端基于 **React** 技术栈（如 Ant Design 和 Formily），因此目前 **不支持使用 Vue.js** 进行开发。如果你想使用 Vue，可能需要自行改造前端框架或等待官方对 Vue 的支持。
nocobase和无代码平台还有低代码平台，有什么关系？,"嗯，用户可能是听说市面上有无代码平台和低代码平台，所以困惑 NocoBase 和它们有什么关系。
本质上呢，无代码平台一般是基于表单定制的逻辑，低代码平台则是通过建模，然后基于模型做定制和部分代码开发工作。
NocoBase 能为非技术人员提供建模然后定制界面的能力，即，无代码平台功能。
另外，通过插件机制，为技术人员提供复杂功能的定制开发能力。","NocoBase **既是无代码平台，也是低代码平台**。

- 对于**非技术人员**，NocoBase 提供了可视化建模和界面定制功能，无需写代码即可搭建应用，具备**无代码能力**。
- 对于**技术人员**，NocoBase 支持通过插件进行深度开发和功能扩展，实现复杂业务逻辑，具备**低代码能力**。

因此，NocoBase 融合了无代码和低代码的特点，适合不同角色使用。"